2,313,1080,327438168022211.png,3464,3464
3,396,1457,327438168022211.png,3464,3464
4,505,1802,327438168022211.png,3464,3464
5,582,2211,327438168022211.png,3464,3464
6,799,2499,327438168022211.png,3464,3464
7,1099,2755,327438168022211.png,3464,3464
8,1368,2914,327438168022211.png,3464,3464
9,1732,2978,327438168022211.png,3464,3464
10,2128,2908,327438168022211.png,3464,3464
11,2422,2742,327438168022211.png,3464,3464
12,2652,2512,327438168022211.png,3464,3464
13,2882,2211,327438168022211.png,3464,3464
14,2985,1821,327438168022211.png,3464,3464
15,3106,1444,327438168022211.png,3464,3464
16,3170,1080,327438168022211.png,3464,3464
30,1726,888,327438168022211.png,3464,3464